month,user_msgs,assistant_msgs,js_divergence
2025-05,1085,1439,0.5335448037533826
2025-06,774,972,0.5012210384902347
2025-07,1115,1332,0.4911328176855665
2025-08,910,1088,0.4973448831088961
2025-09,1018,1293,0.544187559378553
2025-10,1312,1511,0.5331803527006036
2025-11,1622,2199,0.49546547850301736
2025-12,1109,1670,0.4608553263931726
